,title,author,url,page_count,price,currently_reading_count,wanting_to_read_count,average_rating,amount_rating,publishing_year
0,Sapiens: A Brief History of Humankind (Paperback),Yuval Noah Harari,/book/show/23692271-sapiens,512,,185000,,4.36,1075304,2011
1,The Diary of a Young Girl (Mass Market Paperback),Anne Frank,/book/show/48855.The_Diary_of_a_Young_Girl,283,2.51,54100,2000000,4.19,3825984,1947
2,Educated (Hardcover),Tara Westover,/book/show/35133922-educated,352,14.99,90300,1000000,4.47,1597512,2018
3,Quiet: The Power of Introverts in a World That Can't Stop Talking (Hardcover),Susan Cain,/book/show/8520610-quiet,333,9.99,55100,840000,4.08,444717,2012
4,The Immortal Life of Henrietta Lacks (Hardcover),Rebecca Skloot,/book/show/6493208-the-immortal-life-of-henrietta-lacks,370,14.99,19600,663000,4.12,750144,2010
5,Atomic Habits: An Easy & Proven Way to Build Good Habits & Break Bad Ones (Kindle Edition),James Clear,/book/show/40121378-atomic-habits,319,13.99,222000,1000000,4.35,955242,2018
6,Freakonomics: A Rogue Economist Explores the Hidden Side of Everything (Hardcover),Steven D. Levitt,/book/show/1202.Freakonomics,268,,17000,,4.01,861237,2005
7,Outliers: The Story of Success (Hardcover),Malcolm Gladwell,/book/show/3228917-outliers,309,12.99,29800,649000,4.19,803709,2008
8,Becoming (Hardcover),Michelle Obama,/book/show/38746485-becoming,426,12.99,101000,,4.45,1082095,2018
9,I'm Glad My Mom Died (ebook),Jennette McCurdy,/book/show/59364173-i-m-glad-my-mom-died,320,14.99,42200,806000,4.46,1118704,2022
10,"The Devil in the White City: Murder, Magic, and Madness at the Fair That Changed America (Hardcover)",Erik Larson,/book/show/397483.The_Devil_in_the_White_City,464,13.99,34600,525000,4,699023,2003
11,A Short History of Nearly Everything (Paperback),Bill Bryson,/book/show/21.A_Short_History_of_Nearly_Everything,544,12.99,32400,539000,4.22,393847,2003
12,The Subtle Art of Not Giving a F*ck: A Counterintuitive Approach to Living a Good Life (Paperback),Mark Manson,/book/show/28257707-the-subtle-art-of-not-giving-a-f-ck,212,,141000,1000000,3.88,1179100,2016
13,We Should All Be Feminists (Kindle Edition),Chimamanda Ngozi Adichie,/book/show/22738563-we-should-all-be-feminists,65,4.99,4375,,4.4,300419,2012
14,Man’s Search for Meaning (Paperback),Viktor E. Frankl,/book/show/4069.Man_s_Search_for_Meaning,165,9.99,59600,879000,4.37,745293,1946
15,"Night  (The Night Trilogy, #1)",Elie Wiesel,/book/show/1617.Night,120,,11900,529000,4.37,1270613,1956
16,Into the Wild (Kindle Edition),Jon Krakauer,/book/show/60869516-into-the-wild,217,12.99,13600,624000,4.01,1110740,1996
17,Born a Crime: Stories From a South African Childhood (Hardcover),Trevor Noah,/book/show/29780253-born-a-crime,289,13.99,30100,549000,4.49,719239,2016
18,"Thinking, Fast and Slow (Hardcover)",Daniel Kahneman,/book/show/11468377-thinking-fast-and-slow,499,Unlimited,125000,1000000,4.18,515862,2011
19,"Guns, Germs, and Steel: The Fates of Human Societies (Paperback)",Jared Diamond,/book/show/1842.Guns_Germs_and_Steel,498,,33900,564000,4.04,419779,1997
20,When Breath Becomes Air (Kindle Edition),Paul Kalanithi,/book/show/25899336-when-breath-becomes-air,208,11.99,30800,,4.4,696990,2016
21,Between the World and Me (Hardcover),Ta-Nehisi Coates,/book/show/25489625-between-the-world-and-me,152,12.99,23700,364000,4.4,338986,2015
22,In Cold Blood (Paperback),Truman Capote,/book/show/168642.In_Cold_Blood,343,12.99,19500,561000,4.09,674471,1959
23,The Tipping Point: How Little Things Can Make a Big Difference (Paperback),Malcolm Gladwell,/book/show/2612.The_Tipping_Point,301,11.99,18600,734000,4,822437,2002
24,Blink: The Power of Thinking Without Thinking (Paperback),Malcolm Gladwell,/book/show/40102.Blink,296,11.99,20400,554000,3.96,599097,2005
25,Bossypants (Kindle Edition),Tina Fey,/book/show/9418327-bossypants,283,8.99,,586000,3.96,1018800,2011
26,Into Thin Air: A Personal Account of the Mt. Everest Disaster (Paperback),Jon Krakauer,/book/show/1898.Into_Thin_Air,368,14.99,9208,264000,4.24,518129,1997
27,A Brief History of Time (Paperback),Stephen Hawking,/book/show/3869.A_Brief_History_of_Time,226,9.99,326,574000,4.21,441621,1988
28,Stiff: The Curious Lives of Human Cadavers (Paperback),Mary Roach,/book/show/56769575-stiff,320,8.98,9024,317000,4.06,224012,2003
29,The Glass Castle (Paperback),Jeannette Walls,/book/show/7445.The_Glass_Castle,288,13.99,21900,699000,4.32,1247354,2005
30,Killers of the Flower Moon: The Osage Murders and the Birth of the FBI (Paperback),David Grann,/book/show/193388249-killers-of-the-flower-moon,416,13.99,51000,370000,4.14,375794,2017
31,On Writing: A Memoir of the Craft (Mass Market Paperback),Stephen         King,/book/show/10569.On_Writing,320,12.99,16800,292000,4.34,294268,2000
32,The Life-Changing Magic of Tidying Up: The Japanese Art of Decluttering and Organizing (Hardcover),Marie Kondō,/book/show/22318578-the-life-changing-magic-of-tidying-up,213,,34200,326000,3.88,372082,2010
33,Invisible Women: Data Bias in a World Designed for Men (Hardcover),Caroline Criado Pérez,/book/show/41104077-invisible-women,448,9.99,29100,,4.35,127770,2019
34,"Unbroken: A World War II Story of Survival, Resilience and Redemption (Hardcover)",Laura Hillenbrand,/book/show/8664353-unbroken,475,9.99,23700,631000,4.38,955844,2010
35,Wild: From Lost to Found on the Pacific Crest Trail (Hardcover),Cheryl Strayed,/book/show/12262741-wild,315,9.99,20100,487000,4.06,814107,2012
36,The Power of Habit: Why We Do What We Do in Life and Business (Hardcover),Charles Duhigg,/book/show/12609433-the-power-of-habit,375,6.99,42900,930000,4.13,519344,2012
37,I Am Malala: The Story of the Girl Who Stood Up for Education and Was Shot by the Taliban (Hardcover),Malala Yousafzai,/book/show/17851885-i-am-malala,327,11.99,21300,856000,4.15,587226,2012
38,I'll Be Gone in the Dark: One Woman's Obsessive Search for the Golden State Killer (ebook),Michelle McNamara,/book/show/35068432-i-ll-be-gone-in-the-dark,352,Unlimited,18100,275000,4.12,244678,2018
39,A Walk in the Woods: Rediscovering America on the Appalachian Trail (Mass Market Paperback),Bill Bryson,/book/show/9791.A_Walk_in_the_Woods,397,9.99,9663,227000,4.06,416333,1998
40,How to Win Friends and Influence People (Paperback),Dale Carnegie,/book/show/4865.How_to_Win_Friends_and_Influence_People,288,14.99,82900,1000000,4.22,1018248,1936
41,The Art of War (Paperback),Sun Tzu,/book/show/10534.The_Art_of_War,170,0.99,73900,621000,3.95,505707,-400
42,The Man Who Mistook His Wife for a Hat and Other Clinical Tales (Paperback),Oliver Sacks,/book/show/63697.The_Man_Who_Mistook_His_Wife_for_a_Hat_and_Other_Clinical_Tales,243,6.99,17000,,4.05,226812,1985
43,Yes Please (Hardcover),Amy Poehler,/book/show/20910157-yes-please,329,7.49,10400,489000,3.85,533910,2014
44,Homo Deus: A History of Tomorrow (Kindle Edition),Yuval Noah Harari,/book/show/31138556-homo-deus,450,,40900,377000,4.2,258006,2015
45,What If?: Serious Scientific Answers to Absurd Hypothetical Questions (Hardcover),Randall Munroe,/book/show/21413662-what-if,303,,25700,377000,4.14,180753,2014
46,Astrophysics for People in a Hurry (Hardcover),Neil deGrasse Tyson,/book/show/32191710-astrophysics-for-people-in-a-hurry,223,9.48,29100,,4.08,185249,2017
47,Crying in H Mart (Hardcover),Michelle Zauner,/book/show/54814676-crying-in-h-mart,239,13.99,33500,578000,4.26,460326,2021
48,"Eat, Pray, Love (Paperback)",Elizabeth Gilbert,/book/show/19501.Eat_Pray_Love,368,13.99,28200,724000,3.63,1767272,2006
49,Why We Sleep: Unlocking the Power of Sleep and Dreams (Hardcover),Matthew Walker,/book/show/34466963-why-we-sleep,368,13.99,47400,418000,4.38,194514,2017
50,Hillbilly Elegy: A Memoir of a Family and Culture in Crisis (Hardcover),J.D. Vance,/book/show/27161156-hillbilly-elegy,264,14.99,35500,275000,3.86,427934,2016
51,Bad Blood: Secrets and Lies in a Silicon Valley Startup (Hardcover),John Carreyrou,/book/show/37976541-bad-blood,339,13.99,26500,221000,4.41,265104,2018
52,Talking to Strangers: What We Should Know About the People We Don't Know (Hardcover),Malcolm Gladwell,/book/show/43848929-talking-to-strangers,388,12.99,28900,511000,4,306496,2019
53,The Omnivore's Dilemma: A Natural History of Four Meals (Hardcover),Michael Pollan,/book/show/3109.The_Omnivore_s_Dilemma,450,8.99,11400,221000,4.18,205868,2006
54,The God Delusion (Hardcover),Richard Dawkins,/book/show/14743.The_God_Delusion,374,12.49,16800,288000,3.9,271176,2006
55,Tuesdays with Morrie (Paperback),Mitch Albom,/book/show/6900.Tuesdays_with_Morrie,210,11.99,18500,419000,4.18,1059487,1997
56,The Radium Girls: The Dark Story of America’s Shining Women (Hardcover),Kate  Moore,/book/show/31409135-the-radium-girls,479,9.17,17100,282000,4.15,155029,2016
57,Is Everyone Hanging Out Without Me? (And Other Concerns),Mindy Kaling,/book/show/10335308-is-everyone-hanging-out-without-me,222,8.99,7398,384000,3.86,501150,2011
58,Caste: The Origins of Our Discontents (Hardcover),Isabel Wilkerson,/book/show/51152447-caste,544,13.99,39100,325000,4.53,143627,2020
59,"The Body Keeps the Score: Brain, Mind, and Body in the Healing of Trauma (Hardcover)",Bessel van der Kolk,/book/show/18693771-the-body-keeps-the-score,464,14.99,99500,35000,4.39,203531,2014
60,Bad Feminist (Paperback),Roxane Gay,/book/show/18813642-bad-feminist,320,18.99,8909,227000,3.93,114778,2014
61,Under the Banner of Heaven: A Story of Violent Faith (Paperback),Jon Krakauer,/book/show/10847.Under_the_Banner_of_Heaven,400,13.99,10200,168000,4.01,211337,2003
62,Just Mercy (Paperback),Bryan Stevenson,/book/show/20342617-just-mercy,336,13.99,18900,235000,4.63,238481,2014
63,White Fragility: Why It's So Hard for White People to Talk About Racism (Audiobook),Robin DiAngelo,/book/show/43708708-white-fragility,7,9.99,40900,212000,4.17,165950,2018
64,Being Mortal: Medicine and What Matters in the End (Hardcover),Atul Gawande,/book/show/20696006-being-mortal,282,Unlimited,18000,237000,4.49,196527,2014
65,"I Know Why the Caged Bird Sings (Maya Angelou's Autobiography, #1)",Maya Angelou,/book/show/13214.I_Know_Why_the_Caged_Bird_Sings,289,8.99,18400,,4.29,541360,1969
66,Maybe You Should Talk to Someone (Hardcover),Lori Gottlieb,/book/show/37570546-maybe-you-should-talk-to-someone,415,Unlimited,44400,436000,4.38,342821,2019
67,The New Jim Crow: Mass Incarceration in the Age of Colorblindness (Hardcover),Michelle Alexander,/book/show/6792458-the-new-jim-crow,290,9.61,20800,251000,4.52,110268,2010
68,Why I'm No Longer Talking to White People About Race (Hardcover),Reni Eddo-Lodge,/book/show/33606119-why-i-m-no-longer-talking-to-white-people-about-race,249,9.02,9287,,4.38,97012,2017
69,Know My Name (ebook),Chanel Miller,/book/show/50196744-know-my-name,384,11.99,15300,339000,4.7,212447,2019
70,A Room of One’s Own (Paperback),Virginia Woolf,/book/show/18521.A_Room_of_One_s_Own,112,3.99,16800,345000,4.21,217647,1929
71,"Braiding Sweetgrass: Indigenous Wisdom, Scientific Knowledge and the Teachings of Plants (Hardcover)",Robin Wall Kimmerer,/book/show/17465709-braiding-sweetgrass,391,10.76,40700,24400,4.53,129605,2013
72,Factfulness: Ten Reasons We're Wrong About the World – and Why Things Are Better Than You Think (Hardcover),Hans Rosling,/book/show/34890015-factfulness,342,Unlimited,29100,292000,4.36,187327,2018
73,The 7 Habits of Highly Effective People: Powerful Lessons in Personal Change (Paperback),Stephen R. Covey,/book/show/36072.The_7_Habits_of_Highly_Effective_People,372,Unlimited,145000,907000,4.16,757939,1989
74,The Anthropocene Reviewed: Essays on a Human-Centered Planet (Hardcover),John Green,/book/show/55145261-the-anthropocene-reviewed,293,13.99,15200,249000,4.36,135356,2021
75,The Psychopath Test: A Journey Through the Madness Industry (Paperback),Jon Ronson,/book/show/12391521-the-psychopath-test,275,8.99,4611,293000,3.95,151023,2011
76,The Library Book (Hardcover),Susan Orlean,/book/show/39507318-the-library-book,317,13.99,14700,188000,3.89,117243,2018
77,So You Want to Talk About Race (Hardcover),Ijeoma Oluo,/book/show/35099718-so-you-want-to-talk-about-race,248,13.99,12100,182000,4.49,106064,2018
78,Kitchen Confidential: Adventures in the Culinary Underbelly (Paperback),Anthony Bourdain,/book/show/33313.Kitchen_Confidential,312,12.6,19800,168000,4.16,328364,2000
79,Smoke Gets in Your Eyes & Other Lessons from the Crematory (Paperback),Caitlin Doughty,/book/show/25189315-smoke-gets-in-your-eyes-other-lessons-from-the-crematory,254,9.99,5087,144000,4.22,95809,2014
80,Me Talk Pretty One Day (Paperback),David Sedaris,/book/show/4137.Me_Talk_Pretty_One_Day,272,,9114,431000,4.01,704302,2000
81,How to Be an Antiracist (Hardcover),Ibram X. Kendi,/book/show/40265832-how-to-be-an-antiracist,305,14.99,31700,186000,4.37,116115,2019
82,This is Going to Hurt: Secret Diaries of a Junior Doctor (Kindle Edition),Adam Kay,/book/show/35510008-this-is-going-to-hurt,285,9.99,14000,214000,4.4,292932,2017
83,The Year of Magical Thinking (Paperback),Joan Didion,/book/show/7815.The_Year_of_Magical_Thinking,227,13.99,14600,346000,3.93,255989,2005
84,Cultish: The Language of Fanaticism (Hardcover),Amanda Montell,/book/show/55338982-cultish,309,Unlimited,7847,182000,3.85,89557,2021
85,The Boys in the Boat: Nine Americans and Their Epic Quest for Gold at the 1936 Berlin Olympics (Hardcover),Daniel James Brown,/book/show/16158542-the-boys-in-the-boat,404,13.99,21600,215000,4.39,329135,2013
86,A People’s History of the United States: 1492 - Present (Paperback),Howard Zinn,/book/show/2767.A_People_s_History_of_the_United_States,729,Unlimited,26200,415000,4.08,247660,1980
87,21 Lessons for the 21st Century (Hardcover),Yuval Noah Harari,/book/show/38820046-21-lessons-for-the-21st-century,372,9.99,32700,267000,4.17,161871,2018
88,Evicted: Poverty and Profit in the American City (Hardcover),Matthew Desmond,/book/show/25852784-evicted,418,9.99,11900,177000,4.47,101444,2016
89,The Prince (Paperback),Niccolò Machiavelli,/book/show/28862.The_Prince,144,9.99,31100,327000,3.84,346231,1513
90,Modern Romance (Hardcover),Aziz Ansari,/book/show/23453112-modern-romance,279,14.99,6259,154000,3.8,187796,2015
91,The Emperor of All Maladies: A Biography of Cancer (Hardcover),Siddhartha Mukherjee,/book/show/7170627-the-emperor-of-all-maladies,571,16.99,15600,213000,4.33,104923,2010
92,"Daring Greatly: How the Courage to Be Vulnerable Transforms the Way We Live, Love, Parent, and Lead (Hardcover)",Brené Brown,/book/show/13588356-daring-greatly,287,14.99,28600,284000,4.29,221640,2012
93,Nothing to Envy: Ordinary Lives in North Korea (Kindle Edition),Barbara Demick,/book/show/40604846-nothing-to-envy,338,9.99,3927,130000,4.45,89274,2009
94,"In the Garden of Beasts: Love, Terror, and an American Family in Hitler's Berlin (Hardcover)",Erik Larson,/book/show/9938498-in-the-garden-of-beasts,448,13.99,14400,174000,3.88,205487,2011
95,Empire of Pain: The Secret History of the Sackler Dynasty (Hardcover),Patrick Radden Keefe,/book/show/43868109-empire-of-pain,535,13.99,12600,226000,4.54,110386,2021
96,Say Nothing: A True Story of Murder and Memory in Northern Ireland (Hardcover),Patrick Radden Keefe,/book/show/40163119-say-nothing,441,12.99,18000,195000,4.46,113580,2018
97,Three Cups of Tea: One Man's Mission to Promote Peace ... One School at a Time (Paperback),Greg Mortenson,/book/show/49436.Three_Cups_of_Tea,349,14.99,5802,211000,3.66,358179,2006
98,Nickel and Dimed: On (Not) Getting By in America,Barbara Ehrenreich,/book/show/1869.Nickel_and_Dimed,240,Unlimited,1990,102000,3.65,192625,2001
99,Men Explain Things to Me (Paperback),Rebecca Solnit,/book/show/18528190-men-explain-things-to-me,130,Unlimited,6297,,3.83,80246,2014
100,The Last Lecture (Kindle Edition),Randy Pausch,/book/show/40611510-the-last-lecture,217,11.99,7582,236000,4.26,350059,2008
101,The Selfish Gene (Paperback),Richard Dawkins,/book/show/61535.The_Selfish_Gene,360,,13500,294000,4.16,181200,1976
102,Steve Jobs (Hardcover),Walter Isaacson,/book/show/11084145-steve-jobs,630,16.99,40000,1000000,4.16,1268268,2011
103,A Promised Land (Kindle Edition),Barack Obama,/book/show/55361205-a-promised-land,768,14.99,68600,419000,4.33,237980,2020
104,Meditations (Paperback),Marcus Aurelius,/book/show/30659.Meditations,254,0.99,88800,475000,4.28,266575,180
105,The Warmth of Other Suns: The Epic Story of America's Great Migration (Hardcover),Isabel Wilkerson,/book/show/8171378-the-warmth-of-other-suns,622,13.99,22100,283000,4.47,105126,2010
106,Dead Wake: The Last Crossing of the Lusitania (Hardcover),Erik Larson,/book/show/22551730-dead-wake,430,14.99,10100,163000,4.12,148195,2015
107,The Communist Manifesto (Paperback),Karl Marx,/book/show/30474.The_Communist_Manifesto,288,1.99,16000,197000,3.66,171183,1848
108,Hood Feminism: Notes from the Women That a Movement Forgot (Hardcover),Mikki Kendall,/book/show/36687229-hood-feminism,267,4.99,8622,205000,4.37,54126,2020
109,Hunger: A Memoir of (My) Body,Roxane Gay,/book/show/26074156-hunger,306,13.99,4258,164000,4.18,114638,2017
110,The Sixth Extinction: An Unnatural History (Hardcover),Elizabeth Kolbert,/book/show/17910054-the-sixth-extinction,336,Unlimited,8212,143000,4.15,73007,2014
111,In the Dream House (Hardcover),Carmen Maria Machado,/book/show/43317482-in-the-dream-house,251,Unlimited,5121,275000,4.42,134033,2019
112,Midnight in the Garden of Good and Evil (Paperback),John Berendt,/book/show/386187.Midnight_in_the_Garden_of_Good_and_Evil,386,14.99,10200,173000,3.92,276741,1994
113,Big Magic: Creative Living Beyond Fear (Hardcover),Elizabeth Gilbert,/book/show/24453082-big-magic,276,13.99,16400,276000,3.96,217046,2015
114,"David and Goliath: Underdogs, Misfits, and the Art of Battling Giants (Hardcover)",Malcolm Gladwell,/book/show/15751404-david-and-goliath,305,2.99,9522,173000,3.97,183706,2013
115,"Angela’s Ashes (Frank McCourt, #1)",Frank McCourt,/book/show/252577.Angela_s_Ashes,452,,5485,249000,4.15,636140,1996
116,"The Professor and the Madman: A Tale of Murder, Insanity and the Making of the Oxford English Dictionary (Paperback)",Simon Winchester,/book/show/25019.The_Professor_and_the_Madman,242,14.99,3623,190000,3.84,118049,1998
117,Columbine (Hardcover),Dave Cullen,/book/show/5632446-columbine,417,11.99,4783,132000,4.29,94115,2009
118,Brain on Fire: My Month of Madness (ebook),Susannah Cahalan,/book/show/63221207-brain-on-fire,300,12.99,5803,221000,4.09,224011,2012
119,The Autobiography of Malcolm X (Mass Market Paperback),Malcolm X,/book/show/92057.The_Autobiography_of_Malcolm_X,466,9.99,12400,442000,4.36,272373,1965
120,"The Hidden Life of Trees: What They Feel, How They Communicate: Discoveries from a Secret World (Hardcover)",Peter Wohlleben,/book/show/28256439-the-hidden-life-of-trees,272,,18000,156000,4.07,77761,2015
121,The Body: A Guide for Occupants (Hardcover),Bill Bryson,/book/show/43582376-the-body,450,12.99,20400,144000,4.32,86522,2019
122,"Catch and Kill: Lies, Spies, and a Conspiracy to Protect Predators (Hardcover)",Ronan Farrow,/book/show/51022071-catch-and-kill,608,15.99,11100,116000,4.4,98525,2019
123,"Eats, Shoots & Leaves: The Zero Tolerance Approach to Punctuation (Hardcover)",Lynne Truss,/book/show/8600.Eats_Shoots_Leaves,209,7.99,2417,70800,3.87,105588,2003
124,So You've Been Publicly Shamed (Hardcover),Jon Ronson,/book/show/22571552-so-you-ve-been-publicly-shamed,290,12.99,1923,89000,3.93,63732,2015
125,Untamed (Hardcover),Glennon Doyle,/book/show/52129515-untamed,333,14.99,48400,400000,3.99,459485,2020
126,Furiously Happy: A Funny Book About Horrible Things (Hardcover),Jenny  Lawson,/book/show/23848559-furiously-happy,329,11.99,9628,230000,3.9,167113,2015
127,Hidden Figures (Paperback),Margot Lee Shetterly,/book/show/25953369-hidden-figures,349,14.99,11300,190000,3.97,107023,2016
128,"Born to Run: A Hidden Tribe, Superathletes, and the Greatest Race the World Has Never Seen (Hardcover)",Christopher McDougall,/book/show/6289283-born-to-run,287,14.99,9433,134000,4.31,218248,2009
129,Just Kids (Hardcover),Patti Smith,/book/show/206318521-just-kids,262,11.49,18100,404000,4.21,296115,2010
130,"Behind the Beautiful Forevers: Life, Death, and Hope in a Mumbai Undercity (Hardcover)",Katherine Boo,/book/show/11869272-behind-the-beautiful-forevers,278,13.99,6578,135000,3.98,111241,2012
131,The Woman in Me (Hardcover),Britney Spears,/book/show/63133205-the-woman-in-me,288,16.99,22100,227000,3.86,457159,2023
132,The Happiness Project (Hardcover),Gretchen Rubin,/book/show/6398634-the-happiness-project,301,Unlimited,13700,206000,3.65,174611,2009
133,The Gifts of Imperfection (Paperback),Brené Brown,/book/show/7015403-the-gifts-of-imperfection,137,12.99,26400,286000,4.25,199433,2010
134,Deep Work: Rules for Focused Success in a Distracted World (Hardcover),Cal Newport,/book/show/25744928-deep-work,296,15.99,26900,290000,4.18,162014,2016
135,"Dear Ijeawele, or A Feminist Manifesto in Fifteen Suggestions (Hardcover)",Chimamanda Ngozi Adichie,/book/show/33585392-dear-ijeawele-or-a-feminist-manifesto-in-fifteen-suggestions,63,7.99,1382,,4.51,83517,2017
136,What I Talk About When I Talk About Running (Hardcover),Haruki Murakami,/book/show/2195464.What_I_Talk_About_When_I_Talk_About_Running,188,11.99,8337,125000,3.87,174639,2007
137,In Defense of Food: An Eater's Manifesto (Hardcover),Michael Pollan,/book/show/315425.In_Defense_of_Food,205,14.99,4300,121000,4.07,117004,2008
138,"Rich Dad, Poor Dad (Paperback)",Robert T. Kiyosaki,/book/show/69571.Rich_Dad_Poor_Dad,195,,58100,490000,4.11,640323,1997
139,Spare (Hardcover),Prince Harry,/book/show/62296528-spare,410,17.99,47800,232000,3.85,378204,2023
140,Hidden Valley Road: Inside the Mind of an American Family (Hardcover),Robert Kolker,/book/show/50088631-hidden-valley-road,377,13.99,16900,,4.16,128580,2020
141,"Lean In: Women, Work, and the Will to Lead (Hardcover)",Sheryl Sandberg,/book/show/16071764-lean-in,217,13.99,13400,240000,3.95,261799,2013
142,Everything I Know About Love (Hardcover),Dolly Alderton,/book/show/46041465-everything-i-know-about-love,368,Unlimited,43200,489000,4,354447,2018
143,The Five: The Untold Lives of the Women Killed by Jack the Ripper (Hardcover),Hallie Rubenhold,/book/show/37570548-the-five,352,14.49,7794,156000,4.11,56379,2019
144,Bird by Bird (Paperback),Anne Lamott,/book/show/12543.Bird_by_Bird,238,12.99,10300,111000,4.24,103733,1994
145,At Home: A Short History of Private Life (Hardcover),Bill Bryson,/book/show/7507825-at-home,497,9.99,6303,94700,3.99,95009,2010
146,The Lost City of Z: A Tale of Deadly Obsession in the Amazon (Hardcover),David Grann,/book/show/3398625-the-lost-city-of-z,339,13.99,5050,108000,3.89,99008,2009
147,Prisoners of Geography: Ten Maps That Tell You Everything You Need to Know About Global Politics (Hardcover),Tim  Marshall,/book/show/25135194-prisoners-of-geography,256,,15700,140000,4.2,97655,2015
148,Eating Animals (Hardcover),Jonathan Safran Foer,/book/show/6604712-eating-animals,341,10.99,4678,97000,4.21,78701,2009
149,The Fire Next Time (Paperback),James Baldwin,/book/show/464260.The_Fire_Next_Time,106,,6288,150000,4.55,104159,1963
150,"""Surely You're Joking, Mr. Feynman!"": Adventures of a Curious Character (Paperback)",Richard P. Feynman,/book/show/35167685-surely-you-re-joking-mr-feynman,400,,10900,246000,4.27,204396,1985
151,"The Wager: A Tale of Shipwreck, Mutiny and Murder (Hardcover)",David Grann,/book/show/61714633-the-wager,331,14.99,18900,222000,4.19,128027,2023
152,The Four Agreements (Hardcover),Miguel Ruiz,/book/show/6596.The_Four_Agreements,152,,42500,395000,4.19,424720,1997
153,Cosmos (Mass Market Paperback),Carl Sagan,/book/show/55030.Cosmos,384,10.99,10300,236000,4.4,148737,1980
154,Helter Skelter: The True Story of the Manson Murders (Paperback),Vincent Bugliosi,/book/show/105992.Helter_Skelter,687,8.98,5815,154000,4.06,147927,1974
155,Predictably Irrational: The Hidden Forces That Shape Our Decisions (Hardcover),Dan Ariely,/book/show/1713426.Predictably_Irrational,247,14.99,9832,193000,4.12,125495,2008
156,12 Rules for Life: An Antidote to Chaos (Hardcover),Jordan B. Peterson,/book/show/30257963-12-rules-for-life,409,,68100,313000,3.92,232612,2018
157,"A Child Called ""It"" (Dave Pelzer, #1)",Dave Pelzer,/book/show/60748.A_Child_Called_It_,184,,6025,187000,4.13,440757,1995
158,Let's Pretend This Never Happened: A Mostly True Memoir (Hardcover),Jenny  Lawson,/book/show/12868761-let-s-pretend-this-never-happened,318,12.99,7557,228000,3.9,195116,2012
159,Orange Is the New Black (Hardcover),Piper Kerman,/book/show/6314763-orange-is-the-new-black,322,12.99,5656,158000,3.72,202676,2010
160,Mere Christianity (Paperback),C.S. Lewis,/book/show/11138.Mere_Christianity,191,11.49,25300,317000,4.36,427734,1942
161,Bury My Heart at Wounded Knee: An Indian History of the American West (Paperback),Dee Brown,/book/show/76401.Bury_My_Heart_at_Wounded_Knee,509,Unlimited,14600,219000,4.25,94619,1970
162,Why Not Me? (Paperback),Mindy Kaling,/book/show/30268522-why-not-me,240,10.99,4428,210000,3.91,220005,2015
163,Moonwalking with Einstein: The Art and Science of Remembering Everything (Hardcover),Joshua Foer,/book/show/6346975-moonwalking-with-einstein,307,9.99,9746,160000,3.88,90506,2011
164,Reasons to Stay Alive (Paperback),Matt Haig,/book/show/25733573-reasons-to-stay-alive,256,8.99,7559,147000,4.07,100815,2015
165,Packing for Mars: The Curious Science of Life in the Void (Paperback),Mary Roach,/book/show/9542311-packing-for-mars,334,9.99,2574,95100,3.95,58280,2010
166,The Big Short: Inside the Doomsday Machine (Paperback),Michael   Lewis,/book/show/26889576-the-big-short,291,,6461,143000,4.3,162543,2010
167,Endurance: Shackleton's Incredible Voyage (Hardcover),Alfred Lansing,/book/show/139069.Endurance,282,14.99,5929,125000,4.44,137914,1959
168,The Power of Now: A Guide to Spiritual Enlightenment (Paperback),Eckhart Tolle,/book/show/6708.The_Power_of_Now,229,,57100,472000,4.15,383748,1997
169,The Hot Zone: The Terrifying True Story of the Origins of the Ebola Virus (Paperback),Richard   Preston,/book/show/16213.The_Hot_Zone,352,,3891,69300,4.15,115495,1994
170,Bonk: The Curious Coupling of Science and Sex (Paperback),Mary Roach,/book/show/5981308-bonk,303,9.99,2728,82200,3.85,58727,2008
171,Alexander Hamilton (Paperback),Ron Chernow,/book/show/16130.Alexander_Hamilton,818,14.99,34300,321000,4.22,184782,2004
172,Reading Lolita in Tehran: A Memoir in Books (Paperback),Azar Nafisi,/book/show/7603.Reading_Lolita_in_Tehran,356,14.99,5712,129000,3.65,135513,2003
173,The Black Swan: The Impact of the Highly Improbable (Hardcover),Nassim Nicholas Taleb,/book/show/242472.The_Black_Swan,480,,16500,187000,3.96,113832,2007
174,From Here to Eternity: Traveling the World to Find the Good Death (Paperback),Caitlin Doughty,/book/show/38212121-from-here-to-eternity,256,8.61,2546,79300,4.3,41896,2017
175,Trick Mirror: Reflections on Self-Delusion (Hardcover),Jia Tolentino,/book/show/43126457-trick-mirror,303,4.99,9287,157000,4.04,73019,2019
176,"Hyperbole and a Half: Unfortunate Situations, Flawed Coping Mechanisms, Mayhem, and Other Things That Happened (Paperback)",Allie Brosh,/book/show/17571564-hyperbole-and-a-half,371,15.99,4613,211000,4.17,209233,2013
177,How to Be a Woman (Paperback),Caitlin Moran,/book/show/10600242-how-to-be-a-woman,312,13.99,3510,126000,3.72,109424,2011
178,The Origin of Species (Hardcover),Charles Darwin,/book/show/22463.The_Origin_of_Species,703,2.99,22900,240000,4.01,116063,1859
179,1776 (Paperback),David McCullough,/book/show/1067.1776,386,13.99,8655,236000,4.09,233873,1975
180,Come as You Are: The Surprising New Science that Will Transform Your Sex Life (Paperback),Emily Nagoski,/book/show/22609341-come-as-you-are,400,16.99,25600,143000,4.29,69316,2015
181,Collapse: How Societies Choose to Fail or Succeed (Paperback),Jared Diamond,/book/show/475.Collapse,608,,5932,124000,3.93,72105,2004
182,The Princess Diarist (Hardcover),Carrie Fisher,/book/show/26025989-the-princess-diarist,257,14.99,4086,100000,3.7,85751,2016
183,The Hiding Place: The Triumphant True Story of Corrie Ten Boom (Mass Market Paperback),Corrie ten Boom,/book/show/561909.The_Hiding_Place,242,6.64,9624,186000,4.47,331531,1971
184,Walden (Paperback),Henry David Thoreau,/book/show/16902.Walden,352,Unlimited,26300,259000,3.78,192401,1854
185,Notes from a Small Island (Paperback),Bill Bryson,/book/show/28.Notes_from_a_Small_Island,324,,3955,66500,3.91,114245,1995
186,Midnight in Chernobyl: The Untold Story of the World's Greatest Nuclear Disaster (Hardcover),Adam Higginbotham,/book/show/40538681-midnight-in-chernobyl,538,15.99,10200,124000,4.37,53025,2019
187,Tiny Beautiful Things: Advice from Dear Sugar (Paperback),Cheryl Strayed,/book/show/63193458-tiny-beautiful-things,400,9.99,,13200,4.16,128921,2012
188,Will My Cat Eat My Eyeballs? And other Questions about Dead Bodies (Paperback),Caitlin Doughty,/book/show/52672113-will-my-cat-eat-my-eyeballs-and-other-questions-about-dead-bodies,232,9.99,1975,93800,4.13,42848,2019
189,"84, Charing Cross Road (Paperback)",Helene Hanff,/book/show/368916.84_Charing_Cross_Road,106,8.99,1144,94700,4.16,85971,1970
190,God Is Not Great: How Religion Poisons Everything (Hardcover),Christopher Hitchens,/book/show/43369.God_Is_Not_Great,307,Unlimited,5734,114000,3.96,107625,2007
191,All About Love: New Visions (Hardcover),bell hooks,/book/show/17607.All_About_Love,240,,29300,211000,4.05,97131,1999
192,In the Heart of the Sea: The Tragedy of the Whaleship Essex (Paperback),Nathaniel Philbrick,/book/show/17780.In_the_Heart_of_the_Sea,302,9.99,3822,142000,4.16,110361,2000
193,Talking as Fast as I Can: From Gilmore Girls to Gilmore Girls (and Everything in Between),Lauren Graham,/book/show/40411206-talking-as-fast-as-i-can,224,7.99,4746,116000,3.94,140684,2016
194,The Elements of Style (Hardcover),William Strunk Jr.,/book/show/33514.The_Elements_of_Style,105,2.99,15700,75900,4.18,84686,1918
195,"SuperFreakonomics: Global Cooling, Patriotic Prostitutes And Why Suicide Bombers Should Buy Life Insurance (Hardcover)",Steven D. Levitt,/book/show/6402364-superfreakonomics,270,,3325,69000,4,132083,2009
196,The Psychology of Money (Paperback),Morgan Housel,/book/show/41881472-the-psychology-of-money,252,9.99,34500,351000,4.3,207735,2020
197,In a Sunburned Country (Paperback),Bill Bryson,/book/show/24.In_a_Sunburned_Country,335,13.99,3996,67500,4.08,114114,2000
198,"The Splendid and the Vile: A Saga of Churchill, Family, and Defiance During the Blitz (ebook)",Erik Larson,/book/show/51187948-the-splendid-and-the-vile,546,14.99,33800,177000,4.3,121069,2020
199,Essentialism: The Disciplined Pursuit of Less (Hardcover),Greg McKeown,/book/show/18077875-essentialism,260,14.99,17200,216000,4.06,114871,2011
200,SPQR: A History of Ancient Rome (Paperback),Mary Beard,/book/show/28789711-spqr,606,9.15,14600,185000,4.05,67392,2015
201,Salt: A World History (Paperback),Mark Kurlansky,/book/show/2715.Salt,484,12.99,6727,214000,3.75,72689,2002
202,The Little Book of Hygge: The Danish Way to Live Well (Hardcover),Meik Wiking,/book/show/30045683-the-little-book-of-hygge,289,,7131,128000,3.77,105941,2016
203,As You Wish: Inconceivable Tales from the Making of The Princess Bride (Hardcover),Cary Elwes,/book/show/21412202-as-you-wish,259,13.99,1864,64300,4.17,69567,2014
204,On Tyranny: Twenty Lessons from the Twentieth Century (Paperback),Timothy Snyder,/book/show/33917107-on-tyranny,126,10.99,7175,99200,4.19,64888,2017
205,Digital Minimalism: Choosing a Focused Life in a Noisy World (Kindle Edition),Cal Newport,/book/show/40672036-digital-minimalism,302,12.99,10400,213000,4.06,83046,2019
206,"Entangled Life: How Fungi Make Our Worlds, Change Our Minds & Shape Our Futures (Hardcover)",Merlin Sheldrake,/book/show/52668915-entangled-life,352,9.99,10900,,4.35,39007,2020
207,Mindset: The New Psychology of Success (Hardcover),Carol S. Dweck,/book/show/40745.Mindset,276,13.99,27400,293000,4.1,156391,2006
208,"Girl, Interrupted (Paperback)",Susanna Kaysen,/book/show/68783.Girl_Interrupted,169,9.99,4987,329000,3.93,252017,1993
209,1491: New Revelations of the Americas Before Columbus (Paperback),Charles C. Mann,/book/show/39020.1491,563,14.99,7864,215000,4.05,88733,2005
210,Marley and Me: Life and Love With the World’s Worst Dog (Hardcover),John Grogan,/book/show/12691.Marley_and_Me,291,,3931,100000,4.14,472123,2005
211,Grit: The Power of Passion and Perseverance (Hardcover),Angela Duckworth,/book/show/27213329-grit,277,14.99,18300,199000,4.08,127474,2016
212,"Animal, Vegetable, Miracle: A Year of Food Life (Kindle Edition)",Barbara Kingsolver,/book/show/40725379-animal-vegetable-miracle,383,,4594,74100,4.05,111141,2007
213,"The Disappearing Spoon: And Other True Tales of Madness, Love, and the History of the World from the Periodic Table of the Elements (Hardcover)",Sam Kean,/book/show/7247854-the-disappearing-spoon,394,11.99,4749,109000,3.93,52291,2010
214,Lies My Teacher Told Me: Everything Your American History Textbook Got Wrong (Paperback),James W. Loewen,/book/show/296662.Lies_My_Teacher_Told_Me,383,9.99,7220,191000,3.97,70119,1995
215,Who Moved My Cheese? (Hardcover),Spencer Johnson,/book/show/4894.Who_Moved_My_Cheese_,98,9.99,7387,18500,3.86,481153,1999
216,"The Ghost Map: The Story of London's Most Terrifying Epidemic—and How It Changed Science, Cities, and the Modern World (Hardcover)",Steven Johnson,/book/show/36086.The_Ghost_Map,299,9.99,2649,1200,3.89,53452,2006
217,Stamped from the Beginning: The Definitive History of Racist Ideas in America (Hardcover),Ibram X. Kendi,/book/show/25898216-stamped-from-the-beginning,592,13.99,12500,126000,4.54,36789,2016
218,Gulp: Adventures on the Alimentary Canal (Paperback),Mary Roach,/book/show/18377999-gulp,348,9.99,2682,58400,3.93,49194,2013
219,The Demon-Haunted World: Science as a Candle in the Dark (Paperback),Carl Sagan,/book/show/17349.The_Demon_Haunted_World,459,7.99,7993,142000,4.29,74765,1995
220,Voices from Chernobyl: The Oral History of a Nuclear Disaster (Paperback),Svetlana Alexievich,/book/show/357486.Voices_from_Chernobyl,236,,6463,90100,4.4,59026,1997
221,The Second Sex (Paperback),Simone de Beauvoir,/book/show/457264.The_Second_Sex,746,13.99,13900,225000,4.17,42888,1949
222,How to Change Your Mind: The New Science of Psychedelics (Hardcover),Michael Pollan,/book/show/36613747-how-to-change-your-mind,480,12.99,20000,172000,4.27,77907,2018
223,H is for Hawk (Hardcover),Helen Macdonald,/book/show/18803640-h-is-for-hawk,300,9.17,6582,87000,3.74,75436,2014
224,Never Split the Difference: Negotiating as if Your Life Depended on It (Paperback),Chris Voss,/book/show/123857637-never-split-the-difference,288,Unlimited,36400,295000,4.36,169325,2016
225,Team of Rivals: The Political Genius of Abraham Lincoln (Paperback),Doris Kearns Goodwin,/book/show/2199.Team_of_Rivals,916,17.99,10800,298000,4.28,189094,2005
226,A Long Way Gone: Memoirs of a Boy Soldier (Hardcover),Ishmael Beah,/book/show/43015.A_Long_Way_Gone,229,9.99,3739,144000,4.16,188731,2007
227,"Persepolis: The Story of a Childhood (Persepolis, #1)",Marjane Satrapi,/book/show/9516.Persepolis,153,on,2561,143000,4.26,213247,2003
228,The 4-Hour Workweek (ebook),Timothy Ferriss,/book/show/368593.The_4_Hour_Workweek,308,14.99,52,3157,3.92,305169,2007
229,Menti tribali: Perché le brave persone di dividono su politica e religione (Paperback),Jonathan Haidt,/book/show/124939807-menti-tribali,420,13.99,10400,,4.2,58113,2012
230,Influence: The Psychology of Persuasion (Paperback),Robert B. Cialdini,/book/show/28815.Influence,320,Unlimited,22700,414000,4.22,158844,1984
231,The Gene: An Intimate History (Hardcover),Siddhartha Mukherjee,/book/show/27276428-the-gene,592,14.99,12300,176000,4.36,50678,2016
232,The 48 Laws of Power (Paperback),Robert Greene,/book/show/1303.The_48_Laws_of_Power,452,16.99,56500,405000,4.12,175594,1998
233,What the Dog Saw and Other Adventures (Hardcover),Malcolm Gladwell,/book/show/6516450-what-the-dog-saw-and-other-adventures,444,11.99,6537,89900,3.85,101855,2009
234,Running With Scissors (Paperback),Augusten Burroughs,/book/show/242006.Running_With_Scissors,336,12.99,2845,226000,3.76,394086,2002
235,The Shock Doctrine: The Rise of Disaster Capitalism (Hardcover),Naomi Klein,/book/show/1237300.The_Shock_Doctrine,558,12.99,5688,120000,4.27,48813,2007
236,The Complete Persepolis (Paperback),Marjane Satrapi,/book/show/991197.The_Complete_Persepolis,341,on,3526,125000,4.4,187296,2007
237,Dreams from My Father: A Story of Race and Inheritance (Paperback),Barack Obama,/book/show/88061.Dreams_from_My_Father,453,13.99,8153,305000,3.93,226628,1995
238,In Order to Live: A North Korean Girl's Journey to Freedom (Hardcover),Yeonmi Park,/book/show/24611623-in-order-to-live,273,9.99,5129,111000,4.49,89089,2015
239,Lab Girl (Hardcover),Hope Jahren,/book/show/25733983-lab-girl,290,12.99,5653,107000,3.98,68931,2016
240,Three Women (Hardcover),Lisa Taddeo,/book/show/42201100-three-women,306,13.99,15000,175000,3.72,153532,2019
241,Fun Home: A Family Tragicomic (Paperback),Alison Bechdel,/book/show/26135825-fun-home,232,,2441,133000,4.08,185675,2006
242,The Rise and Fall of the Dinosaurs: A New History of a Lost World (Hardcover),Steve Brusatte,/book/show/35820369-the-rise-and-fall-of-the-dinosaurs,404,16.49,4784,102000,4.2,33763,2018
243,Greenlights (Hardcover),Matthew McConaughey,/book/show/52838315-greenlights,289,12.99,23200,231000,4.21,354536,2020
244,Four Thousand Weeks (Hardcover),Oliver Burkeman,/book/show/54785515-four-thousand-weeks,271,11.99,14100,,4.22,89348,2021
245,You Are a Badass: How to Stop Doubting Your Greatness and Start Living an Awesome Life (Paperback),Jen Sincero,/book/show/15843166-you-are-a-badass,254,,29900,308000,3.95,260329,2013
246,Wishful Drinking (Hardcover),Carrie Fisher,/book/show/4961048-wishful-drinking,163,12.99,1877,90200,3.82,87822,2008
247,Steal Like an Artist: 10 Things Nobody Told You About Being Creative (Paperback),Austin Kleon,/book/show/13099738-steal-like-an-artist,160,Unlimited,6774,327000,3.96,300184,2012
248,Think Again: The Power of Knowing What You Don't Know (Hardcover),Adam M. Grant,/book/show/55539565-think-again,307,13.99,20000,286000,4.15,111610,2021
249,The Mother Tongue: English and How It Got That Way (Paperback),Bill Bryson,/book/show/29.The_Mother_Tongue,270,14.99,3894,42000,3.91,42321,1990
250,The Soul of an Octopus: A Surprising Exploration into the Wonder of Consciousness (Hardcover),Sy Montgomery,/book/show/22609485-the-soul-of-an-octopus,261,13.99,6343,73000,3.93,51480,2015
251,The Stranger Beside Me: Ted Bundy: The Shocking Inside Story (Paperback),Ann Rule,/book/show/15654.The_Stranger_Beside_Me,548,Unlimited,9822,95100,4.14,102971,1980
252,"Elon Musk: Tesla, SpaceX, and the Quest for a Fantastic Future (Hardcover)",Ashlee Vance,/book/show/25541028-elon-musk,392,Unlimited,25200,543000,4.16,405191,2015
253,Narrative of the Life of Frederick Douglass (Paperback),Frederick Douglass,/book/show/36529.Narrative_of_the_Life_of_Frederick_Douglass,158,0.99,5899,120000,4.11,125790,1845
254,Hiroshima (Paperback),John Hersey,/book/show/27323.Hiroshima,152,9.99,2570,119000,4.03,82259,1946
255,Missoula: Rape and the Justice System in a College Town (Hardcover),Jon Krakauer,/book/show/24911006-missoula,368,12.99,2433,62100,4.11,55425,2015
256,The Stranger in the Woods: The Extraordinary Story of the Last True Hermit (Audio CD),Michael Finkel,/book/show/30687200-the-stranger-in-the-woods,5,13.99,4019,93200,3.9,76948,2017
257,How to Do Nothing: Resisting the Attention Economy (Hardcover),Jenny Odell,/book/show/42771901-how-to-do-nothing,232,11.99,9606,145000,3.68,50521,2019
258,Getting Things Done: The Art of Stress-Free Productivity (Paperback),David    Allen,/book/show/1633.Getting_Things_Done,267,14.99,19600,253000,4.01,159928,2001
259,Silent Spring (Paperback),Rachel Carson,/book/show/27333.Silent_Spring,378,12.99,6799,112000,4.04,49574,1962
260,Humankind: A Hopeful History (Hardcover),Rutger Bregman,/book/show/52879286-humankind,462,Unlimited,10200,108000,4.32,65244,2019
261,Shoe Dog: A Memoir by the Creator of Nike (Hardcover),Phil Knight,/book/show/27220736-shoe-dog,400,14.99,19300,291000,4.47,313233,2016
262,Seabiscuit: An American Legend (Mass Market Paperback),Laura Hillenbrand,/book/show/110737.Seabiscuit,457,9.99,2282,67200,4.22,164190,1999
263,Women & Power: A Manifesto (Hardcover),Mary Beard,/book/show/36525023-women-power,115,9.99,1253,56700,4.03,35470,2017
264,Shrill: Notes from a Loud Woman (Hardcover),Lindy West,/book/show/29340182-shrill,260,10.99,2753,71800,4.17,62292,2016
265,An Astronaut's Guide to Life on Earth (Hardcover),Chris Hadfield,/book/show/18170143-an-astronaut-s-guide-to-life-on-earth,295,13.99,3549,76700,4.17,59739,2013
266,Range: Why Generalists Triumph in a Specialized World (Hardcover),David   Epstein,/book/show/41795733-range,352,8.99,16500,145000,4.14,70494,2019
267,The Rise and Fall of the Third Reich: A History of Nazi Germany (Mass Market Paperback),William L. Shirer,/book/show/767171.The_Rise_and_Fall_of_the_Third_Reich,1147,Unlimited,21100,321000,4.21,136539,1960
268,The Gift of Fear: Survival Signals That Protect Us from Violence (Paperback),Gavin de Becker,/book/show/56465.The_Gift_of_Fear,352,6.39,8597,102000,4.18,45356,1997
269,Braving the Wilderness: The Quest for True Belonging and the Courage to Stand Alone (Hardcover),Brené Brown,/book/show/34565022-braving-the-wilderness,197,13.99,11500,136000,4.13,112113,2017
270,Slouching Towards Bethlehem (Paperback),Joan Didion,/book/show/424.Slouching_Towards_Bethlehem,238,11.99,10600,132000,4.19,70605,1968
271,You're Never Weird on the Internet (Almost),Felicia Day,/book/show/23705512-you-re-never-weird-on-the-internet,272,12.99,1042,69500,4.08,49752,2015
272,Mind Hunter: Inside the FBI's Elite Serial Crime Unit (Mass Market Paperback),John E. Douglas,/book/show/126584.Mind_Hunter,397,14.99,9615,82900,4.09,72327,1995
273,Moneyball (Paperback),Michael   Lewis,/book/show/1301.Moneyball,317,8.61,4651,88900,4.26,134392,2003
274,Seven Brief Lessons on Physics (Hardcover),Carlo Rovelli,/book/show/25734172-seven-brief-lessons-on-physics,81,4.99,4630,81500,3.98,59774,2014
275,The Republic (Paperback),Plato,/book/show/30289.The_Republic,416,Unlimited,27000,282000,3.96,208206,-400
276,Women Who Run With the Wolves (Paperback),Clarissa Pinkola Estés,/book/show/241823.Women_Who_Run_With_the_Wolves,537,8.99,36800,255000,4.13,79364,1992
277,John Adams (Paperback),David McCullough,/book/show/2203.John_Adams,751,14.99,6873,357000,4.08,364445,2001
278,"Women, Race & Class (Paperback)",Angela Y. Davis,/book/show/635635.Women_Race_Class,271,4.99,5578,132000,4.58,29678,1981
279,Sister Outsider: Essays and Speeches (Paperback),Audre Lorde,/book/show/32951.Sister_Outsider,190,13.99,4713,111000,4.53,37030,1984
280,Scrappy Little Nobody (Hardcover),Anna Kendrick,/book/show/29868610-scrappy-little-nobody,275,13.99,2975,87600,3.86,98672,2016
281,Wild Swans: Three Daughters of China (Paperback),Jung Chang,/book/show/1848.Wild_Swans,562,16.99,6500,125000,4.28,115054,1991
282,Brief Answers to the Big Questions (Hardcover),Stephen Hawking,/book/show/40277241-brief-answers-to-the-big-questions,256,13.99,11700,1945,4.28,76791,2018
283,Dress Your Family in Corduroy and Denim (Paperback),David Sedaris,/book/show/10176.Dress_Your_Family_in_Corduroy_and_Denim,257,10.99,2820,113000,4.11,281168,2004
284,The Botany of Desire: A Plant's-Eye View of the World (Kindle Edition),Michael Pollan,/book/show/41021145-the-botany-of-desire,304,12.99,3004,79500,4.06,57150,2002
285,The Complete Maus (Paperback),Art Spiegelman,/book/show/15195.The_Complete_Maus,296,on,5019,156000,4.57,227315,1980
286,"Gödel, Escher, Bach: An Eternal Golden Braid (Paperback)",Douglas R. Hofstadter,/book/show/24113.G_del_Escher_Bach,777,on,10300,,4.29,50000,1979
287,"Stamped: Racism, Antiracism, and You (Hardcover)",Jason Reynolds,/book/show/52220686-stamped,294,Unlimited,5353,102000,4.48,52190,2020
288,The Lost City of the Monkey God (Kindle Edition),Douglas Preston,/book/show/40873920-the-lost-city-of-the-monkey-god,326,11.99,8466,58900,3.93,58059,2017
289,Letters to a Young Poet (Paperback),Rainer Maria Rilke,/book/show/46199.Letters_to_a_Young_Poet,80,4.46,7102,167000,4.29,97801,1929
290,Spook: Science Tackles the Afterlife (Paperback),Mary Roach,/book/show/14990.Spook,311,9.99,2030,59400,3.6,39497,2005
291,"The Spirit Catches You and You Fall Down: A Hmong Child, Her American Doctors, and the Collision of Two Cultures (Paperback)",Anne Fadiman,/book/show/12609.The_Spirit_Catches_You_and_You_Fall_Down,341,Unlimited,3512,64300,4.2,84371,1997
292,"Friends, Lovers, and the Big Terrible Thing (Hardcover)",Matthew  Perry,/book/show/59641216-friends-lovers-and-the-big-terrible-thing,250,11.99,24000,171000,3.91,296451,2022
293,The Color of Law: A Forgotten History of How Our Government Segregated America (Hardcover),Richard Rothstein,/book/show/32191706-the-color-of-law,368,9.15,13600,125000,4.44,40533,2017
294,This Changes Everything: Capitalism vs. The Climate (Hardcover),Naomi Klein,/book/show/21913812-this-changes-everything,576,14.99,5219,98200,4.16,26234,2014
295,Breath: The New Science of a Lost Art (Hardcover),James Nestor,/book/show/48890486-breath,280,16.99,18700,2835,4.15,91410,2020
296,When You Are Engulfed in Flames (Hardcover),David Sedaris,/book/show/1044355.When_You_Are_Engulfed_in_Flames,323,9.99,4462,120000,4.07,211763,2005
297,The War of Art (Paperback),Steven Pressfield,/book/show/1319.The_War_of_Art,168,9.99,9966,154000,3.99,106041,2002
298,Drive: The Surprising Truth About What Motivates Us (Hardcover),Daniel H. Pink,/book/show/6452796-drive,242,14.99,9078,220000,3.95,119918,2009
299,Flow: The Psychology of Optimal Experience (Paperback),Mihály Csíkszentmihályi,/book/show/66354.Flow,303,11.49,15900,231000,4.11,80950,1990
300,The World Without Us (Hardcover),Alan Weisman,/book/show/248787.The_World_Without_Us,324,12.99,2693,74900,3.81,42219,2007
301,"Going Clear: Scientology, Hollywood, and the Prison of Belief (Hardcover)",Lawrence Wright,/book/show/16142053-going-clear,430,14.99,2193,54000,4.04,43799,2013
302,10% Happier (Hardcover),Dan   Harris,/book/show/18505796-10-happier,256,10.99,8440,170000,3.92,109631,2014
303,"King Leopold's Ghost: A Story of Greed, Terror, and Heroism in Colonial Africa (Kindle Edition)",Adam Hochschild,/book/show/40961621-king-leopold-s-ghost,442,15.99,4193,130000,4.18,61214,1998
304,Start with Why: How Great Leaders Inspire Everyone to Take Action (Hardcover),Simon Sinek,/book/show/7108725-start-with-why,256,,26600,427000,4.1,233451,2009
305,Longitude: The True Story of a Lone Genius Who Solved the Greatest Scientific Problem of His Time (Hardcover),Dava Sobel,/book/show/4806.Longitude,184,9.99,2534,93300,3.98,72307,1995
306,Twelve Years a Slave (ebook),Solomon Northup,/book/show/18478222-twelve-years-a-slave,363,11.99,10600,153000,4.22,119194,1853
307,The Hero With a Thousand Faces (Paperback),Joseph Campbell,/book/show/588138.The_Hero_With_a_Thousand_Faces,416,,8049,118000,4.13,42227,1949
308,"Poverty, by America (Hardcover)",Matthew Desmond,/book/show/61358638-poverty-by-america,284,13.99,6757,161000,4.27,42348,2023
309,"The Courage to Be Disliked: How to Free Yourself, Change your Life and Achieve Real Happiness (Paperback)",Ichiro Kishimi,/book/show/43306206-the-courage-to-be-disliked,288,,27500,212000,3.98,85687,2013
310,Gut: The Inside Story of Our Body's Most Underrated Organ (Paperback),Giulia Enders,/book/show/23013953-gut,273,5.99,8048,66100,4.07,50151,2014
311,"Nudge: Improving Decisions About Health, Wealth, and Happiness (Paperback)",Richard H. Thaler,/book/show/3450744-nudge,260,13.99,12700,138000,3.84,88374,2008
312,The Audacity of Hope: Thoughts on Reclaiming the American Dream (Hardcover),Barack Obama,/book/show/9742.The_Audacity_of_Hope,375,12.99,5230,184000,3.83,165917,2006
313,Cleopatra: A Life (Hardcover),Stacy Schiff,/book/show/7968243-cleopatra,369,11.99,5051,289000,3.73,118419,2010
314,The Poisoner's Handbook: Murder and the Birth of Forensic Medicine in Jazz Age New York (Hardcover),Deborah Blum,/book/show/7054123-the-poisoner-s-handbook,319,13.99,1460,65400,4.01,35473,2010
315,"Ace: What Asexuality Reveals About Desire, Society, and the Meaning of Sex (Hardcover)",Angela  Chen,/book/show/52128695-ace,210,11.99,2538,39000,4.36,16466,2020
316,An Immense World: How Animal Senses Reveal the Hidden Realms Around Us (Hardcover),Ed Yong,/book/show/59575939-an-immense-world,464,14.99,11400,110000,4.47,25901,2022
317,I Contain Multitudes: The Microbes Within Us and a Grander View of Life (Hardcover),Ed Yong,/book/show/27213168-i-contain-multitudes,368,15.99,4496,89100,4.18,27618,2016
318,Tao Te Ching (Paperback),Lao Tzu,/book/show/67896.Tao_Te_Ching,107,12.99,34100,208000,4.3,161661,-400
319,Stolen Focus: Why You Can't Pay Attention— and How to Think Deeply Again (Hardcover),Johann Hari,/book/show/57933306-stolen-focus,357,8.99,9188,167000,4.24,56451,2022
320,Atlas of the Heart: Mapping Meaningful Connection and the Language of Human Experience (Hardcover),Brené Brown,/book/show/58330567-atlas-of-the-heart,301,13.99,25900,194000,4.32,81153,2021
321,Fire and Fury: Inside the Trump White House (Hardcover),Michael  Wolff,/book/show/36595101-fire-and-fury,322,11.99,24800,41500,3.44,76055,2018
322,Bad Science (Paperback),Ben Goldacre,/book/show/3272165-bad-science,338,11.99,2203,1985,4.06,43523,2008
323,"Maus I: A Survivor's Tale: My Father Bleeds History (Maus, #1)",Art Spiegelman,/book/show/15196.Maus_I,159,on,2651,197000,4.38,342146,1986
324,"Not That Kind of Girl: A Young Woman Tells You What She's ""Learned"" (Hardcover)",Lena Dunham,/book/show/20588698-not-that-kind-of-girl,265,5.99,3531,82200,3.29,132848,2014
325,Notorious RBG: The Life and Times of Ruth Bader Ginsburg (Hardcover),Irin Carmon,/book/show/25422234-notorious-rbg,240,13.99,4537,113000,4.19,60361,2015
326,The Beauty Myth (Paperback),Naomi Wolf,/book/show/39926.The_Beauty_Myth,368,14.99,4058,,3.91,29152,1990
327,Behave: The Biology of Humans at Our Best and Worst (Hardcover),Robert M. Sapolsky,/book/show/31170723-behave,790,14.99,16600,178000,4.4,24888,2017
328,Hamilton: The Revolution (Hardcover),Lin-Manuel Miranda,/book/show/26200563-hamilton,285,21.99,2134,79400,4.45,53242,2015
329,Beyond the Wand: The Magic & Mayhem of Growing Up a Wizard (Hardcover),Tom Felton,/book/show/61062194-beyond-the-wand,288,11.99,5820,104000,4.29,123146,2022
330,The Year of Living Biblically: One Man's Humble Quest to Follow the Bible as Literally as Possible (Hardcover),A.J. Jacobs,/book/show/495395.The_Year_of_Living_Biblically,388,14.99,1678,54700,3.76,67907,2007
331,The Rape of Nanking: The Forgotten Holocaust of World War II (Paperback),Iris Chang,/book/show/95784.The_Rape_of_Nanking,290,,2972,135000,4.23,44966,1997
332,Naked (Paperback),David Sedaris,/book/show/4138.Naked,304,9.99,3296,140000,4.1,267204,1997
333,"The Secret (The Secret, #1)",Rhonda Byrne,/book/show/52529.The_Secret,199,,22600,269000,3.73,490115,2006
334,Calypso (ebook),David Sedaris,/book/show/38348476-calypso,272,11.99,9767,101000,4.11,135872,2018
335,The Checklist Manifesto: How to Get Things Right (Hardcover),Atul Gawande,/book/show/6667514-the-checklist-manifesto,208,Unlimited,8421,85900,4.04,70140,2009
336,She Said: Breaking the Sexual Harassment Story That Helped Ignite a Movement (Hardcover),Jodi Kantor,/book/show/44767249-she-said,310,14.99,3439,77600,4.35,41053,2019
337,Girl Wash your Face (Hardcover),Rachel Hollis,/book/show/35542451-girl-wash-your-face,240,,27500,156000,3.58,262075,2018
338,Freedom Is a Constant Struggle (Paperback),Angela Y. Davis,/book/show/25330108-freedom-is-a-constant-struggle,158,Unlimited,4763,78800,4.45,28836,2015
339,Weird Things Customers Say in Bookshops (Hardcover),Jen Campbell,/book/show/12640991-weird-things-customers-say-in-bookshops,119,Unlimited,335,43400,3.74,29272,2012
340,I'm Still Here: Black Dignity in a World Made for Whiteness (Hardcover),Austin Channing Brown,/book/show/35883430-i-m-still-here,185,12.99,3774,99800,4.38,70919,2018
341,"The Elegant Universe: Superstrings, Hidden Dimensions, and the Quest for the Ultimate Theory (Paperback)",Brian Greene,/book/show/8049273-the-elegant-universe,464,8.74,6695,153000,4.09,98639,1999
342,Escape from Camp 14: One Man's Remarkable Odyssey from North Korea to Freedom in the West (Hardcover),Blaine Harden,/book/show/11797365-escape-from-camp-14,205,13.99,2208,81100,4,68510,2012
343,Emotional Intelligence: Why It Can Matter More Than IQ (Hardcover),Daniel Goleman,/book/show/26329.Emotional_Intelligence,352,14.99,20500,240000,4.05,123539,1995
344,Silk Roads (Hardcover),Peter Frankopan,/book/show/25812847-silk-roads,636,14.99,12100,147000,4.17,41192,2015
345,The Worst Hard Time: The Untold Story of Those Who Survived the Great American Dust Bowl (Kindle Edition),Timothy Egan,/book/show/40961608-the-worst-hard-time,353,13.99,5122,94600,4.06,56648,2005
346,Attached: The New Science of Adult Attachment and How It Can Help You Find—and Keep—Love (Hardcover),Amir Levine,/book/show/9547888-attached,304,12.99,21600,134000,4.14,94514,2010
347,"What Happened To You?: Conversations on Trauma, Resilience, and Healing (Hardcover)",Bruce D. Perry,/book/show/53238858-what-happened-to-you,304,Unlimited,19100,257000,4.44,87700,2021
348,"Mythos: The Greek Myths Retold (Stephen Fry's Great Mythology, #1)",Stephen Fry,/book/show/35074096-mythos,416,,25000,171000,4.26,132827,2017
349,"Destiny of the Republic: A Tale of Madness, Medicine and the Murder of a President (Hardcover)",Candice Millard,/book/show/10335318-destiny-of-the-republic,339,14.99,3463,127000,4.21,76334,2011
350,Notes on a Nervous Planet (Paperback),Matt Haig,/book/show/40404801-notes-on-a-nervous-planet,288,12.99,3729,74800,3.96,51085,2018
351,"Dear Girls: Intimate Tales, Untold Secrets, & Advice for Living Your Best Life (Hardcover)",Ali Wong,/book/show/44600621-dear-girls,240,6.99,4343,103000,3.85,95186,2019
352,Think and Grow Rich (Paperback),Napoleon Hill,/book/show/30186948-think-and-grow-rich,233,2.85,211,2399,4.18,339996,1937
353,"Why Nations Fail: The Origins of Power, Prosperity, and Poverty (Hardcover)",Daron Acemoğlu,/book/show/12158480-why-nations-fail,529,13.99,13700,125000,4.08,51564,2012
354,Fear: Trump in the White House (Hardcover),Bob Woodward,/book/show/41012533-fear,448,13.99,34000,41000,3.87,63126,2018
355,"Let's Explore Diabetes with Owls: Essays, Etc. (Hardcover)",David Sedaris,/book/show/15790837-let-s-explore-diabetes-with-owls,275,12.99,4698,116000,3.85,146114,2013
356,The Uninhabitable Earth: Life After Warming (Hardcover),David Wallace-Wells,/book/show/41552709-the-uninhabitable-earth,310,13.99,6102,76300,4.01,28031,2019
357,"All Creatures Great and Small (All Creatures Great and Small, #1-2)",James Herriot,/book/show/32085.All_Creatures_Great_and_Small,437,Unlimited,11500,70200,4.35,149164,1972
358,Not That Bad: Dispatches from Rape Culture (ebook),Roxane Gay,/book/show/35068524-not-that-bad,368,on,1469,76000,4.43,20733,2018
359,The Reason I Jump: the Inner Voice of a Thirteen-Year-Old Boy with Autism (Hardcover),Naoki Higashida,/book/show/16113737-the-reason-i-jump,135,8.99,4655,62000,3.87,58252,2005
360,The Artist's Way: A Spiritual Path to Higher Creativity (Paperback),Julia Cameron,/book/show/615570.The_Artist_s_Way,237,,25200,170000,3.95,113536,2002
361,Half the Sky: Turning Oppression into Opportunity for Women Worldwide (Hardcover),Nicholas D. Kristof,/book/show/6260997-half-the-sky,294,8.99,2760,56700,4.28,55106,2008
362,Orientalism (Paperback),Edward W. Said,/book/show/355190.Orientalism,424,12.99,5652,86300,4.12,26203,1978
363,Too Much and Never Enough: How My Family Created the World's Most Dangerous Man (Kindle Edition),Mary L. Trump,/book/show/54114950-too-much-and-never-enough,236,13.99,34900,58800,3.82,89992,2020
364,The Girl with Seven Names: A North Korean Defector’s Story (Hardcover),Hyeonseo Lee,/book/show/25362017-the-girl-with-seven-names,304,10.99,8954,94100,4.42,91970,2014
365,The Feminine Mystique (Paperback),Betty Friedan,/book/show/17573685-the-feminine-mystique,562,9.99,4456,95700,3.87,28865,1963
366,How to Keep House While Drowning (Kindle Edition),K.C.  Davis,/book/show/60139504-how-to-keep-house-while-drowning,151,10.99,8029,104000,4.25,57771,2022
367,The World Is Flat: A Brief History of the Twenty-first Century (Hardcover),Thomas L. Friedman,/book/show/1911.The_World_Is_Flat,593,12.99,3111,74600,3.69,102048,2005
368,What Happened (Kindle Edition),Hillary Rodham Clinton,/book/show/34114362-what-happened,512,14.99,8866,68600,3.93,59788,2017
369,"Dopesick: Dealers, Doctors, and the Drug Company that Addicted America (Hardcover)",Beth Macy,/book/show/37486540-dopesick,384,11.99,6050,86800,4.08,41622,2018
370,Musicophilia: Tales of Music and the Brain (Hardcover),Oliver Sacks,/book/show/1297985.Musicophilia,400,13.1,4513,104000,3.95,70125,2007
371,Infidel (Hardcover),Ayaan Hirsi Ali,/book/show/81227.Infidel,353,9.49,2194,104000,4.19,90660,2006
372,Rising Strong: The Reckoning. The Rumble. The Revolution. (Hardcover),Brené Brown,/book/show/23317538-rising-strong,,,,,4.25,84085,2015
373,I'm a Stranger Here Myself: Notes on Returning to America After Twenty Years Away (Paperback),Bill Bryson,/book/show/25.I_m_a_Stranger_Here_Myself,304,9.99,1567,40400,3.9,67469,1998
374,Utopia for Realists: How We Can Build the Ideal World (Paperback),Rutger Bregman,/book/show/40876575-utopia-for-realists,262,9.99,4326,65600,4.22,38406,2014
375,Genghis Khan and the Making of the Modern World (Kindle Edition),Jack Weatherford,/book/show/40718726-genghis-khan-and-the-making-of-the-modern-world,352,14.99,5605,221000,4.06,75450,2004
376,How the Word Is Passed: A Reckoning with the History of Slavery Across America (Hardcover),Clint   Smith,/book/show/55643287-how-the-word-is-passed,336,12.99,4004,82800,4.71,34607,2021
377,Stay Sexy & Don't Get Murdered: The Definitive How-To Guide (Hardcover),Karen Kilgariff,/book/show/41066983-stay-sexy-don-t-get-murdered,300,11.99,3722,76900,4.07,72830,2019
378,"Isaac's Storm: A Man, a Time, and the Deadliest Hurricane in History (Paperback)",Erik Larson,/book/show/239186.Isaac_s_Storm,323,14.99,5840,48900,4.04,65334,1999
379,The Power of Myth (Paperback),Joseph Campbell,/book/show/35519.The_Power_of_Myth,293,12.99,4318,93600,4.26,51764,1988
380,The Lonely City: Adventures in the Art of Being Alone (Hardcover),Olivia Laing,/book/show/25667449-the-lonely-city,336,12.99,4343,102000,3.92,29879,2016
381,Leonardo da Vinci (Hardcover),Walter Isaacson,/book/show/34684622-leonardo-da-vinci,600,14.99,19500,281000,4.2,109908,2017
382,Ways of Seeing (Paperback),John Berger,/book/show/2784.Ways_of_Seeing,176,8.99,4937,329000,3.92,386556,1972
383,The Guns of August (Kindle Edition),Barbara W. Tuchman,/book/show/40779082-the-guns-of-august,658,,8141,160000,4.18,78057,1962
384,The Shallows: What the Internet Is Doing to Our Brains (Paperback),Nicholas Carr,/book/show/9778945-the-shallows,280,9.99,3454,70800,3.89,30575,2010
385,Travels with Charley: In Search of America (Paperback),John Steinbeck,/book/show/5306.Travels_with_Charley,214,4.99,5266,76200,4.08,97495,1961
386,The Great Influenza: The Story of the Deadliest Pandemic in History (Paperback),John M. Barry,/book/show/29036.The_Great_Influenza,546,14.99,10700,81400,3.98,40877,2004
387,"Adult Children of Emotionally Immature Parents: How to Heal from Distant, Rejecting, or Self-Involved Parents (Paperback)",Lindsay C. Gibson,/book/show/23129659-adult-children-of-emotionally-immature-parents,216,9.99,19300,117000,4.39,59148,2015
388,The Girl with the Lower Back Tattoo (Hardcover),Amy Schumer,/book/show/29405093-the-girl-with-the-lower-back-tattoo,323,13.99,4007,107000,3.72,126358,2016
389,"One Summer: America, 1927 (Hardcover)",Bill Bryson,/book/show/17262366-one-summer,456,14.99,3689,45700,4.09,52522,2013
390,The Greatest Show on Earth: The Evidence for Evolution (Hardcover),Richard Dawkins,/book/show/6117055-the-greatest-show-on-earth,470,Unlimited,2716,73500,4.16,54249,2009
391,"March: Book One (March, #1)",John             Lewis,/book/show/17346698-march,128,,1122,48300,4.35,55774,2013
392,Fuzz: When Nature Breaks the Law (Hardcover),Mary Roach,/book/show/56769577-fuzz,308,8.98,3838,58000,3.84,25558,2021
393,"Zero to One: Notes on Startups, or How to Build the Future (Hardcover)",Peter Thiel,/book/show/18050143-zero-to-one,195,12.99,20600,590000,4.15,362007,2014
394,Burnout: The Secret to Unlocking the Stress Cycle (Hardcover),Emily Nagoski,/book/show/42397849-burnout,277,13.99,10100,116000,3.95,55607,2019
395,"The Midwife: A Memoir of Birth, Joy, and Hard Times (Paperback)",Jennifer Worth,/book/show/6114607-the-midwife,340,,3953,50800,4.19,74234,2002
396,"The Feather Thief: Beauty, Obsession, and the Natural History Heist of the Century (Paperback)",Kirk Wallace Johnson,/book/show/44153387-the-feather-thief,336,12.99,3519,44200,4.01,30557,2018
397,The Comfort Book (Hardcover),Matt Haig,/book/show/55825273-the-comfort-book,272,14.99,7657,139000,4.07,61634,2021
398,Year of Yes (Paperback),Shonda Rhimes,/book/show/29540318-year-of-yes,352,11.99,5506,101000,4.06,93563,2015
399,Can't Hurt Me: Master Your Mind and Defy the Odds (Kindle Edition),David Goggins,/book/show/41721428-can-t-hurt-me,366,9.49,32200,297000,4.32,249380,2018
